id,first_name,last_name,email,gender,ip_address
1,Dennet,Willmore,dwillmore0@biblegateway.com,Male,94.177.168.66
2,Clo,Miguel,cmiguel1@senate.gov,Non-binary,156.9.137.96
3,Mandi,Suthren,msuthren2@mit.edu,Female,0.8.89.169
4,Hedvig,Pickton,hpickton3@ebay.com,Female,54.225.184.139
5,Jolynn,Feak,jfeak4@gnu.org,Female,51.80.68.54
6,Owen,McCullouch,omccullouch5@jigsy.com,Male,220.187.41.26
7,Elberta,Ledner,eledner6@newyorker.com,Female,4.170.178.223
8,Alexandros,Oakhill,aoakhill7@nih.gov,Male,188.189.19.218
9,Gerianna,Verman,gverman8@stumbleupon.com,Female,33.112.19.167
10,Dory,Blenkharn,dblenkharn9@bizjournals.com,Male,159.30.80.79
11,Gran,Houndsom,ghoundsoma@yahoo.co.jp,Male,41.103.70.217
12,Donielle,Castanone,dcastanoneb@samsung.com,Female,248.41.30.156
13,Evangeline,Stroyan,estroyanc@go.com,Agender,38.208.161.228
14,Neille,Nursey,nnurseyd@marketwatch.com,Female,6.134.158.55
15,Wilmar,William,wwilliame@independent.co.uk,Male,72.187.129.243
16,Gearalt,Lune,glunef@telegraph.co.uk,Male,75.174.0.59
17,Lester,Novill,lnovillg@surveymonkey.com,Male,146.161.122.119
18,Jessalyn,Gherarducci,jgherarduccih@netvibes.com,Female,72.197.62.53
19,Elyse,Gurry,egurryi@google.co.uk,Female,185.35.157.31
20,Ki,Spoor,kspoorj@ucla.edu,Female,251.204.153.252
21,Solomon,Ruseworth,sruseworthk@hao123.com,Male,206.22.134.37
22,Kore,Drysdale,kdrysdalel@youku.com,Female,173.8.233.120
23,Hinze,Lottrington,hlottringtonm@meetup.com,Male,169.255.70.162
24,Gard,Mohamed,gmohamedn@gravatar.com,Male,101.242.55.107
25,Alane,Thickins,athickinso@creativecommons.org,Female,198.110.60.126
26,Karoline,Farherty,kfarhertyp@webeden.co.uk,Female,29.195.227.111
27,Gerty,Daldan,gdaldanq@amazon.de,Female,128.230.216.229
28,Meara,Karet,mkaretr@kickstarter.com,Female,55.59.183.14
29,Skylar,Vasyukhnov,svasyukhnovs@cpanel.net,Male,67.131.81.170
30,Selig,Tiesman,stiesmant@boston.com,Male,167.23.99.133
31,Eachelle,Scurfield,escurfieldu@nih.gov,Female,5.253.213.120
32,Lou,Straneo,lstraneov@wordpress.com,Female,218.78.166.255
33,Errol,Humpatch,ehumpatchw@howstuffworks.com,Genderqueer,254.211.15.20
34,Shurlocke,Gregoratti,sgregorattix@liveinternet.ru,Polygender,110.218.229.140
35,Jamison,Dingate,jdingatey@psu.edu,Male,236.147.216.3
36,June,Sleith,jsleithz@bravesites.com,Female,199.236.168.68
37,Jewell,Worssam,jworssam10@umn.edu,Female,71.158.191.198
38,Westbrook,Panas,wpanas11@latimes.com,Male,217.239.156.138
39,Terri,Glanert,tglanert12@mapy.cz,Female,165.218.138.191
40,Jarrod,Anthoney,janthoney13@un.org,Male,55.152.6.45
41,Roi,Francis,rfrancis14@wisc.edu,Male,217.49.99.206
42,Goraud,Colliss,gcolliss15@twitpic.com,Male,40.255.204.83
43,Shayne,Ferris,sferris16@usatoday.com,Male,145.238.68.61
44,Ame,Soot,asoot17@marriott.com,Female,3.92.247.242
45,Neile,Dearl,ndearl18@netscape.com,Female,29.76.5.229
46,Lyle,Cours,lcours19@aboutads.info,Male,235.195.51.251
47,Othelia,Reeders,oreeders1a@archive.org,Genderfluid,42.34.209.120
48,Bobine,Crisall,bcrisall1b@shareasale.com,Female,105.240.249.89
49,Sophie,de Courcy,sdecourcy1c@foxnews.com,Female,42.91.156.181
50,Roldan,Brabyn,rbrabyn1d@nsw.gov.au,Male,191.68.136.72
51,Ozzie,Hardisty,ohardisty1e@nifty.com,Genderqueer,84.54.121.36
52,Cilka,Izkovitch,cizkovitch1f@si.edu,Female,102.246.174.200
53,Abbey,Van Salzberger,avansalzberger1g@nytimes.com,Male,122.187.184.75
54,Abba,Loidl,aloidl1h@stanford.edu,Male,123.135.130.140
55,Dyan,Duddridge,dduddridge1i@ibm.com,Agender,141.148.51.131
56,Hamel,Goater,hgoater1j@timesonline.co.uk,Male,57.92.205.117
57,Waring,Mundy,wmundy1k@ucoz.ru,Male,73.135.228.146
58,Sheela,Kesey,skesey1l@sphinn.com,Female,135.100.85.245
59,Milton,Archibald,marchibald1m@wikipedia.org,Male,184.227.241.224
60,Fabian,McAlarney,fmcalarney1n@europa.eu,Male,43.236.78.19
61,Gianni,Gheeorghie,ggheeorghie1o@businesswire.com,Male,87.182.167.185
62,Rosemary,Izzatt,rizzatt1p@quantcast.com,Female,198.246.224.191
63,Zelma,Spiring,zspiring1q@bluehost.com,Female,102.72.232.173
64,Danella,Stemp,dstemp1r@craigslist.org,Female,147.251.117.197
65,Erinn,Branscomb,ebranscomb1s@discovery.com,Female,54.125.182.153
66,Teddie,Snazle,tsnazle1t@goo.ne.jp,Male,133.200.241.44
67,Letta,Toquet,ltoquet1u@timesonline.co.uk,Female,69.72.199.93
68,Janene,D'Oyly,jdoyly1v@sphinn.com,Bigender,129.10.137.122
69,Ally,Grouvel,agrouvel1w@umich.edu,Polygender,30.70.172.86
70,Janessa,Beiderbecke,jbeiderbecke1x@toplist.cz,Female,144.51.177.118
71,Winston,Freestone,wfreestone1y@sfgate.com,Male,13.53.11.67
72,Lulita,Rousell,lrousell1z@sfgate.com,Female,182.74.112.221
73,Marti,D'Antonio,mdantonio20@ycombinator.com,Female,218.42.215.28
74,Abey,Yosevitz,ayosevitz21@digg.com,Polygender,207.167.198.24
75,Eimile,Flett,eflett22@wisc.edu,Female,118.170.117.179
76,Tessi,Dillet,tdillet23@wikimedia.org,Female,206.84.16.211
77,Gerald,Lumley,glumley24@weibo.com,Polygender,26.108.198.128
78,Avril,Olliffe,aolliffe25@skype.com,Female,227.193.220.119
79,Florian,Frazier,ffrazier26@ucla.edu,Male,247.155.155.1
80,Bryanty,Kalisz,bkalisz27@w3.org,Male,201.235.199.206
81,Hermina,Maypole,hmaypole28@disqus.com,Female,201.179.252.135
82,Joshuah,Vany,jvany29@tiny.cc,Male,205.159.191.169
83,Pablo,Brodest,pbrodest2a@redcross.org,Male,54.40.113.167
84,Camala,Cavet,ccavet2b@wikimedia.org,Agender,181.15.233.165
85,Willdon,Bullers,wbullers2c@creativecommons.org,Male,44.43.6.218
86,Ceciley,Winch,cwinch2d@infoseek.co.jp,Female,50.31.113.55
87,Marlowe,Matuszynski,mmatuszynski2e@sitemeter.com,Non-binary,210.2.149.28
88,Wallie,Magson,wmagson2f@chronoengine.com,Female,41.249.76.83
89,Aundrea,McCullen,amccullen2g@acquirethisname.com,Non-binary,247.143.255.145
90,Randie,Holdron,rholdron2h@wisc.edu,Female,80.143.108.72
91,Gavrielle,Guillotin,gguillotin2i@miibeian.gov.cn,Female,250.252.109.163
92,Petr,Hansell,phansell2j@ning.com,Male,49.0.167.32
93,Sacha,Guillet,sguillet2k@amazon.com,Bigender,91.133.9.204
94,Garrett,McPike,gmcpike2l@hhs.gov,Male,242.34.31.23
95,Orella,Battabee,obattabee2m@over-blog.com,Female,38.193.89.195
96,Ulrich,Winterbourne,uwinterbourne2n@theatlantic.com,Male,65.71.10.6
97,Base,Petroselli,bpetroselli2o@google.es,Male,15.159.169.206
98,Colman,Yankin,cyankin2p@addtoany.com,Male,233.61.73.57
99,Trent,Craster,tcraster2q@posterous.com,Male,186.131.11.99
100,Marleah,Dimsdale,mdimsdale2r@over-blog.com,Female,78.90.164.74
101,Augustine,Hanbidge,ahanbidge2s@disqus.com,Female,172.0.125.200
102,Malchy,Enright,menright2t@dailymail.co.uk,Male,214.32.210.50
103,Sydney,Bocken,sbocken2u@soundcloud.com,Male,108.109.207.151
104,Adelind,Pelchat,apelchat2v@squidoo.com,Female,177.224.182.129
105,Kessia,Stent,kstent2w@ucsd.edu,Female,48.11.86.84
106,Flori,Attryde,fattryde2x@ning.com,Female,134.30.105.235
107,Kare,Strowan,kstrowan2y@elegantthemes.com,Female,92.227.229.226
108,Nonah,Monini,nmonini2z@vkontakte.ru,Female,161.19.15.14
109,Stefano,Willmer,swillmer30@hexun.com,Male,251.165.68.173
110,Mufinella,Fowley,mfowley31@tmall.com,Female,16.188.69.62
111,Nels,Hercules,nhercules32@qq.com,Male,160.25.183.183
112,Letitia,Siviour,lsiviour33@barnesandnoble.com,Female,217.4.56.69
113,Melodie,Cansdall,mcansdall34@amazon.com,Female,199.191.183.220
114,Kala,Langford,klangford35@dropbox.com,Female,249.177.69.63
115,Pyotr,Vickar,pvickar36@deliciousdays.com,Male,249.65.0.159
116,Pieter,Siverns,psiverns37@ow.ly,Male,3.21.211.11
117,Wilton,Evason,wevason38@google.com.br,Male,131.172.49.168
118,Allyce,Bortolutti,abortolutti39@elegantthemes.com,Female,196.27.98.98
119,Elysee,Regus,eregus3a@spiegel.de,Female,3.30.219.54
120,Reamonn,Placstone,rplacstone3b@buzzfeed.com,Male,233.63.240.97
121,Ari,Daykin,adaykin3c@weibo.com,Male,202.27.197.106
122,Bill,Strippling,bstrippling3d@nymag.com,Female,91.87.185.229
123,Isidore,Von Hindenburg,ivonhindenburg3e@bing.com,Male,200.153.100.117
124,Lorine,Savoury,lsavoury3f@opensource.org,Female,1.17.220.118
125,Lura,Garham,lgarham3g@google.co.uk,Female,21.53.129.162
126,Lynea,Cham,lcham3h@ibm.com,Female,154.121.169.24
127,Jorrie,Hatrey,jhatrey3i@engadget.com,Female,112.238.195.55
128,Somerset,Barradell,sbarradell3j@live.com,Male,69.47.5.132
129,Gunter,Berrey,gberrey3k@ow.ly,Male,83.164.62.104
130,Artemus,Giannassi,agiannassi3l@bloglines.com,Male,106.15.144.20
131,Lolita,Gravell,lgravell3m@jigsy.com,Female,137.221.193.55
132,Jarrod,Byars,jbyars3n@java.com,Male,5.239.236.249
133,Abbie,Bryce,abryce3o@google.com.au,Female,42.108.186.237
134,Shawnee,Comben,scomben3p@state.tx.us,Female,119.35.207.195
135,Herbie,Hussy,hhussy3q@naver.com,Male,120.218.218.155
136,Nathalia,Lowing,nlowing3r@opera.com,Agender,96.250.160.232
137,Ed,Wingham,ewingham3s@dot.gov,Male,213.252.130.243
138,Jacinda,Sherbourne,jsherbourne3t@blogtalkradio.com,Female,151.58.71.179
139,Hewitt,O'Regan,horegan3u@theguardian.com,Male,62.247.133.231
140,Jerrold,Venard,jvenard3v@independent.co.uk,Male,15.238.80.215
141,Evelina,Waiting,ewaiting3w@smh.com.au,Female,254.75.131.252
142,Brig,Dickinson,bdickinson3x@ow.ly,Male,27.129.177.22
143,Jeana,Hacker,jhacker3y@freewebs.com,Female,142.142.95.78
144,Fletcher,Bampton,fbampton3z@mapy.cz,Male,233.220.163.218
145,Binny,Haddington,bhaddington40@symantec.com,Female,154.81.134.188
146,Skye,Moogan,smoogan41@uiuc.edu,Male,247.40.35.211
147,Julee,Simionescu,jsimionescu42@google.pl,Female,53.94.74.202
148,Valery,Maffezzoli,vmaffezzoli43@51.la,Female,129.247.153.151
149,Zacharias,Washbrook,zwashbrook44@noaa.gov,Male,96.63.105.243
150,Radcliffe,Horlock,rhorlock45@purevolume.com,Polygender,249.25.254.169
151,Aurora,Paulou,apaulou46@patch.com,Female,234.146.178.140
152,Adolf,Chatto,achatto47@miitbeian.gov.cn,Male,70.36.231.17
153,Sebastien,Gasson,sgasson48@wisc.edu,Male,251.59.121.127
154,Corny,Cropton,ccropton49@spotify.com,Male,76.153.234.128
155,Moore,Lickorish,mlickorish4a@deviantart.com,Male,78.102.124.60
156,Jaclyn,Tungay,jtungay4b@stumbleupon.com,Agender,4.243.237.29
157,Pail,Clampe,pclampe4c@addthis.com,Male,18.130.49.233
158,Brandais,Paulet,bpaulet4d@so-net.ne.jp,Female,29.26.123.242
159,Montague,Vonderdell,mvonderdell4e@example.com,Male,118.155.89.237
160,Blayne,Burder,bburder4f@yelp.com,Male,114.202.189.169
161,Sharla,Smorfit,ssmorfit4g@ifeng.com,Female,196.192.80.223
162,Chloris,Guiden,cguiden4h@nhs.uk,Female,235.7.61.123
163,Jerald,Blunsom,jblunsom4i@twitter.com,Male,245.211.214.15
164,Norina,Sancroft,nsancroft4j@answers.com,Female,222.205.165.182
165,Lydie,Wigglesworth,lwigglesworth4k@craigslist.org,Female,193.156.45.48
166,Viviana,Cordrey,vcordrey4l@economist.com,Female,68.170.165.55
167,Leese,Unthank,lunthank4m@flickr.com,Female,192.138.159.43
168,Jeanne,Mixhel,jmixhel4n@harvard.edu,Female,68.32.243.125
169,Paco,Kilbane,pkilbane4o@digg.com,Male,199.156.148.112
170,Maddalena,Golborn,mgolborn4p@w3.org,Female,159.17.65.16
171,Ariel,Mourant,amourant4q@wikimedia.org,Female,220.154.161.227
172,Deeanne,Halgarth,dhalgarth4r@icq.com,Female,8.4.71.247
173,Bernie,Hollington,bhollington4s@51.la,Male,139.151.73.45
174,Raimundo,Danilowicz,rdanilowicz4t@hhs.gov,Male,108.233.90.110
175,Birgitta,Vany,bvany4u@4shared.com,Female,54.83.3.134
176,Cort,Worsley,cworsley4v@gnu.org,Male,245.3.116.191
177,Baillie,Mannagh,bmannagh4w@deliciousdays.com,Male,177.88.181.225
178,Ashlen,Rebillard,arebillard4x@apple.com,Female,150.143.99.115
179,Tobye,Mincini,tmincini4y@dropbox.com,Female,172.11.87.70
180,Vale,Downton,vdownton4z@devhub.com,Female,68.142.132.247
181,Antonetta,Sergean,asergean50@macromedia.com,Female,145.61.250.243
182,Chase,Pumphrey,cpumphrey51@google.co.jp,Genderqueer,126.121.48.144
183,Florenza,Falcus,ffalcus52@t.co,Female,46.72.38.53
184,Dominique,Sloley,dsloley53@goo.gl,Male,217.245.39.215
185,Catherin,Mead,cmead54@mapy.cz,Female,178.43.37.162
186,Shari,Bembrick,sbembrick55@sphinn.com,Female,178.200.71.86
187,Shandeigh,Cordie,scordie56@imageshack.us,Female,206.183.184.185
188,Sibilla,Merring,smerring57@fda.gov,Female,221.222.177.81
189,Sherrie,Boutflour,sboutflour58@apple.com,Female,138.85.62.159
190,Nikkie,McKenzie,nmckenzie59@dell.com,Female,42.47.122.6
191,Nikki,Fenemore,nfenemore5a@time.com,Female,50.251.64.168
192,Daniella,Sandle,dsandle5b@so-net.ne.jp,Female,163.238.152.41
193,Indira,Luto,iluto5c@canalblog.com,Bigender,155.173.139.114
194,Batholomew,Huban,bhuban5d@cam.ac.uk,Male,226.230.67.145
195,Grenville,Innott,ginnott5e@etsy.com,Male,67.75.199.81
196,Franchot,Groll,fgroll5f@sina.com.cn,Genderfluid,4.247.66.127
197,Rinaldo,Cowsby,rcowsby5g@cdc.gov,Male,50.61.192.62
198,Nanette,Ellens,nellens5h@shareasale.com,Female,80.179.252.196
199,Adelice,Schollar,aschollar5i@cbc.ca,Female,25.212.118.228
200,Ben,Pietersma,bpietersma5j@multiply.com,Male,65.138.225.247
201,Egon,Ganforthe,eganforthe5k@histats.com,Polygender,156.235.202.87
202,Ann-marie,Ludman,aludman5l@eventbrite.com,Female,254.151.247.15
203,Cecilio,Quillinane,cquillinane5m@joomla.org,Male,167.19.230.71
204,Billie,Chucks,bchucks5n@constantcontact.com,Male,65.232.60.230
205,Geralda,Elcocks,gelcocks5o@usgs.gov,Female,195.59.64.49
206,Nedi,Sprosson,nsprosson5p@nytimes.com,Female,146.179.177.110
207,Gretel,Lanahan,glanahan5q@joomla.org,Female,56.12.231.94
208,Umberto,Talks,utalks5r@cmu.edu,Male,47.7.38.254
209,Melessa,Dunseith,mdunseith5s@reference.com,Female,221.107.8.4
210,Clovis,Lorentzen,clorentzen5t@engadget.com,Female,130.84.189.242
211,Steward,Coughtrey,scoughtrey5u@yolasite.com,Male,152.124.12.138
212,Georgia,Dutchburn,gdutchburn5v@domainmarket.com,Female,158.219.93.201
213,Dniren,Kemish,dkemish5w@techcrunch.com,Female,66.21.159.192
214,Dorise,Livens,dlivens5x@technorati.com,Female,140.61.203.105
215,Toby,Cadd,tcadd5y@prlog.org,Female,89.13.84.48
216,Antony,Zettler,azettler5z@cargocollective.com,Male,228.195.132.45
217,Anny,Peeter,apeeter60@hugedomains.com,Female,112.186.199.216
218,Nolana,Myrkus,nmyrkus61@psu.edu,Female,234.216.252.253
219,Idette,Jorry,ijorry62@symantec.com,Female,105.142.15.78
220,Drud,Niles,dniles63@apple.com,Male,188.162.71.18
221,Regine,Gidden,rgidden64@netvibes.com,Female,183.60.30.173
222,Jeanie,Alu,jalu65@alexa.com,Female,171.101.39.38
223,Taylor,Kabisch,tkabisch66@livejournal.com,Male,94.125.233.38
224,Natividad,Shutler,nshutler67@facebook.com,Female,218.57.215.112
225,Cathrin,Swiers,cswiers68@umich.edu,Female,100.97.120.109
226,Ardella,Fannon,afannon69@ifeng.com,Female,129.210.72.32
227,Ellissa,Wrey,ewrey6a@cloudflare.com,Female,194.1.214.93
228,Josee,Escalante,jescalante6b@go.com,Female,77.168.173.22
229,Carolin,Worham,cworham6c@nih.gov,Female,130.87.236.33
230,Lazaro,Reven,lreven6d@nsw.gov.au,Male,230.188.203.58
231,Leslie,Karlsen,lkarlsen6e@artisteer.com,Male,73.44.57.64
232,Felita,McRitchie,fmcritchie6f@bravesites.com,Non-binary,140.4.71.168
233,Madelena,Mattiacci,mmattiacci6g@boston.com,Female,243.199.54.59
234,Vinita,Braybrooke,vbraybrooke6h@networksolutions.com,Female,118.255.104.222
235,Nat,Kochel,nkochel6i@friendfeed.com,Male,185.101.205.192
236,Findlay,Klazenga,fklazenga6j@tmall.com,Male,167.13.171.42
237,Nathanil,Mixture,nmixture6k@utexas.edu,Male,139.71.182.19
238,Judah,Twinn,jtwinn6l@joomla.org,Male,182.149.68.168
239,Marla,Salway,msalway6m@com.com,Female,95.188.169.149
240,Tedie,Verson,tverson6n@joomla.org,Male,137.250.39.118
241,Basile,Tunesi,btunesi6o@unesco.org,Male,41.196.129.83
242,Anderea,Cortez,acortez6p@discuz.net,Female,204.164.239.2
243,Phebe,Very,pvery6q@shutterfly.com,Female,33.52.232.251
244,Erin,Braithwaite,ebraithwaite6r@devhub.com,Genderfluid,235.251.119.252
245,Gladi,Pursehouse,gpursehouse6s@redcross.org,Female,135.107.50.127
246,Dudley,Berendsen,dberendsen6t@nymag.com,Male,156.41.3.197
247,Ly,Ugoni,lugoni6u@jimdo.com,Male,238.84.38.102
248,Brett,Udey,budey6v@reverbnation.com,Female,221.115.166.49
249,Lauren,Greatrex,lgreatrex6w@samsung.com,Male,88.17.205.76
250,Gregor,Vanderson,gvanderson6x@intel.com,Male,233.226.90.129
251,Ruthann,Cosgreave,rcosgreave6y@exblog.jp,Female,235.75.251.14
252,Hoyt,Harome,hharome6z@oaic.gov.au,Male,197.62.56.46
253,Reinaldo,Moring,rmoring70@dagondesign.com,Male,240.236.167.76
254,Zeke,Hookes,zhookes71@newsvine.com,Non-binary,142.96.112.199
255,Ariella,Lerway,alerway72@toplist.cz,Female,127.198.78.89
256,Cristy,Fussell,cfussell73@tinypic.com,Female,168.40.120.31
257,Ettore,Withers,ewithers74@ebay.co.uk,Male,25.232.196.152
258,Rafe,Adamczyk,radamczyk75@ameblo.jp,Male,89.155.152.181
259,Amity,McCaig,amccaig76@state.gov,Female,240.103.130.177
260,Kaleb,Manderson,kmanderson77@reuters.com,Male,233.210.232.212
261,Marlow,Byrde,mbyrde78@angelfire.com,Male,99.102.187.172
262,Collete,Cavilla,ccavilla79@go.com,Polygender,31.144.111.131
263,Carla,Gladden,cgladden7a@last.fm,Female,145.123.208.91
264,Lynna,Baynes,lbaynes7b@posterous.com,Female,184.63.188.173
265,Farand,Gamlen,fgamlen7c@tamu.edu,Female,153.225.239.83
266,Sherwynd,Croysdale,scroysdale7d@cocolog-nifty.com,Male,71.39.209.100
267,Lilli,Vernay,lvernay7e@auda.org.au,Female,200.154.30.49
268,Paddie,Linstead,plinstead7f@pcworld.com,Male,35.29.147.24
269,Randene,Klempke,rklempke7g@myspace.com,Female,111.163.189.137
270,Forrester,Wash,fwash7h@huffingtonpost.com,Male,94.163.122.132
271,Darcey,Colbertson,dcolbertson7i@opera.com,Female,254.205.30.204
272,Olive,Sute,osute7j@ucoz.ru,Female,99.57.196.104
273,Dulcy,Lilloe,dlilloe7k@altervista.org,Female,9.241.217.120
274,Megan,Stracey,mstracey7l@behance.net,Female,183.141.239.136
275,Danice,Souch,dsouch7m@devhub.com,Genderqueer,47.128.223.19
276,Dianna,Kenwin,dkenwin7n@phpbb.com,Female,224.4.71.121
277,Clarissa,Waples,cwaples7o@europa.eu,Female,247.110.235.54
278,Jerrilyn,Braxay,jbraxay7p@nationalgeographic.com,Female,54.55.182.235
279,Prissie,Segrott,psegrott7q@typepad.com,Female,140.132.249.21
280,Hastings,Di Pietro,hdipietro7r@wikimedia.org,Male,146.218.255.122
281,Tootsie,Gregolotti,tgregolotti7s@myspace.com,Female,133.156.104.1
282,Lenard,Gulston,lgulston7t@ca.gov,Male,84.88.97.67
283,Herbie,Sandercock,hsandercock7u@miitbeian.gov.cn,Male,171.144.119.157
284,Nixie,Tutchener,ntutchener7v@cbslocal.com,Female,111.237.219.108
285,Deena,Mc Curlye,dmccurlye7w@com.com,Female,225.208.44.190
286,Ugo,Bride,ubride7x@a8.net,Male,74.27.154.201
287,Mady,Iwanowski,miwanowski7y@plala.or.jp,Female,63.43.105.251
288,Lin,Halworth,lhalworth7z@wired.com,Male,70.228.112.56
289,Reid,Smedley,rsmedley80@yandex.ru,Male,168.169.16.169
290,Raphaela,Peatt,rpeatt81@google.ru,Polygender,200.198.133.201
291,Johnathan,Inchcomb,jinchcomb82@sourceforge.net,Male,15.50.111.169
292,Amber,Durban,adurban83@vimeo.com,Non-binary,67.35.255.45
293,Lon,Pluthero,lpluthero84@pcworld.com,Male,107.251.42.89
294,Pablo,Gormley,pgormley85@ycombinator.com,Male,249.180.42.222
295,Prentice,Maddin,pmaddin86@youtube.com,Male,103.104.210.39
296,Dyna,Betjeman,dbetjeman87@merriam-webster.com,Female,172.231.68.5
297,Georgena,Saulter,gsaulter88@hexun.com,Female,93.82.206.59
298,Kaia,Kopisch,kkopisch89@jalbum.net,Female,110.169.69.166
299,Ian,Vater,ivater8a@omniture.com,Male,59.161.149.9
300,Tessi,Squirrell,tsquirrell8b@ask.com,Female,41.55.150.62
301,Corbet,Feechum,cfeechum8c@icio.us,Male,182.73.30.235
302,Foss,Ashman,fashman8d@huffingtonpost.com,Male,128.153.76.71
303,Jule,Strettell,jstrettell8e@aol.com,Male,121.153.15.81
304,Tabor,Storah,tstorah8f@hubpages.com,Male,95.120.49.65
305,Cherrita,Tellenbroker,ctellenbroker8g@ebay.co.uk,Female,42.31.100.174
306,Silvana,Hasely,shasely8h@upenn.edu,Female,160.103.80.118
307,Else,Caine,ecaine8i@arizona.edu,Female,186.38.73.38
308,Lily,Dyott,ldyott8j@sphinn.com,Female,60.209.212.42
309,Ollie,Pearsey,opearsey8k@webs.com,Female,226.252.60.133
310,Penrod,Bosma,pbosma8l@themeforest.net,Male,211.177.105.2
311,Marielle,Bidgood,mbidgood8m@csmonitor.com,Female,80.145.255.251
312,Dex,MacCurtain,dmaccurtain8n@last.fm,Male,199.7.118.82
313,Quintina,Sawfoot,qsawfoot8o@wp.com,Genderqueer,219.168.157.97
314,Noella,Andriesse,nandriesse8p@about.me,Female,115.79.216.103
315,Eloise,Schoroder,eschoroder8q@bbb.org,Female,93.230.248.147
316,Burch,Cranefield,bcranefield8r@ibm.com,Male,59.66.162.131
317,Yorgo,Keegan,ykeegan8s@networkadvertising.org,Male,128.241.107.255
318,Liana,Danbye,ldanbye8t@google.co.uk,Female,16.112.130.106
319,Wynny,Rozycki,wrozycki8u@engadget.com,Female,62.24.227.73
320,Chastity,Edgecombe,cedgecombe8v@opensource.org,Female,105.16.32.217
321,Corri,Vaggers,cvaggers8w@wiley.com,Female,249.205.199.57
322,Cleve,Fennelly,cfennelly8x@wix.com,Genderqueer,118.2.211.249
323,Leyla,Simpson,lsimpson8y@joomla.org,Female,196.178.55.201
324,Chlo,Pinnocke,cpinnocke8z@ycombinator.com,Female,48.254.213.250
325,Natalie,Poulney,npoulney90@rambler.ru,Female,40.219.112.241
326,Ronnie,Presslie,rpresslie91@ebay.co.uk,Male,123.201.80.83
327,Vern,Lebbern,vlebbern92@topsy.com,Male,181.252.148.101
328,Cathie,Linggood,clinggood93@chicagotribune.com,Female,193.13.62.175
329,Abie,Orr,aorr94@dailymail.co.uk,Male,99.76.45.110
330,Cloe,Jee,cjee95@delicious.com,Female,188.147.13.110
331,Hammad,Tustin,htustin96@home.pl,Male,193.189.213.41
332,Rhett,Pirie,rpirie97@shutterfly.com,Male,31.190.29.170
333,Fawn,Huetson,fhuetson98@princeton.edu,Bigender,226.37.236.194
334,Ginevra,Shadfourth,gshadfourth99@epa.gov,Female,191.207.7.254
335,Ely,Rampage,erampage9a@domainmarket.com,Male,190.200.189.217
336,Olympia,Bromige,obromige9b@last.fm,Female,156.78.103.248
337,Dukey,Blunden,dblunden9c@pcworld.com,Male,53.86.243.89
338,Pennie,Fernanando,pfernanando9d@wix.com,Male,47.228.130.207
339,Nicolette,Dods,ndods9e@springer.com,Female,140.250.93.38
340,Sapphire,Astridge,sastridge9f@spiegel.de,Female,235.139.154.227
341,Claudia,Battelle,cbattelle9g@google.de,Female,39.183.63.9
342,Johna,Van Salzberger,jvansalzberger9h@reddit.com,Bigender,108.66.229.130
343,Noami,Sorton,nsorton9i@creativecommons.org,Female,212.83.224.121
344,Harry,Armatys,harmatys9j@opensource.org,Male,134.50.102.107
345,Gill,Olifard,golifard9k@europa.eu,Female,148.141.191.190
346,Rebekah,Skacel,rskacel9l@youtu.be,Genderqueer,247.6.252.38
347,Flemming,Jeandel,fjeandel9m@eventbrite.com,Bigender,184.5.77.39
348,Eugenia,Tidswell,etidswell9n@oaic.gov.au,Female,203.219.139.73
349,Josey,Whitlam,jwhitlam9o@cbslocal.com,Female,84.185.154.122
350,Tallia,McDermott-Row,tmcdermottrow9p@tripod.com,Female,84.244.7.226
351,Donal,Hayhurst,dhayhurst9q@jugem.jp,Male,182.181.239.184
352,Priscilla,Tourville,ptourville9r@ning.com,Female,51.23.233.214
353,Koenraad,Charopen,kcharopen9s@bandcamp.com,Male,29.172.111.77
354,Tamera,Rudeforth,trudeforth9t@time.com,Female,178.132.110.250
355,Rodolph,MacKniely,rmackniely9u@globo.com,Male,160.1.151.207
356,Katya,Patington,kpatington9v@cisco.com,Female,26.251.244.242
357,Karlie,Ottley,kottley9w@engadget.com,Female,18.79.14.182
358,Elsi,Latus,elatus9x@epa.gov,Female,22.162.251.23
359,Milicent,Dinnington,mdinnington9y@theguardian.com,Female,182.205.186.73
360,Leslie,Rubega,lrubega9z@last.fm,Male,15.249.79.189
361,Hugues,Witherington,hwitheringtona0@economist.com,Male,3.239.19.248
362,Townsend,Hackin,thackina1@alibaba.com,Male,67.170.224.175
363,Armand,Avrahamov,aavrahamova2@eepurl.com,Male,103.107.228.241
364,Van,Bracken,vbrackena3@so-net.ne.jp,Female,147.37.20.98
365,Berton,Masding,bmasdinga4@berkeley.edu,Male,7.122.241.56
366,Alexandr,Foynes,afoynesa5@zdnet.com,Male,115.3.68.118
367,Yancey,Denholm,ydenholma6@independent.co.uk,Male,202.130.140.176
368,Aldous,Fullick,afullicka7@imdb.com,Male,174.221.29.219
369,Kimmie,Pirdue,kpirduea8@nationalgeographic.com,Female,236.98.19.143
370,Ernestus,Hubatsch,ehubatscha9@cornell.edu,Non-binary,150.220.5.96
371,Norry,Kirman,nkirmanaa@kickstarter.com,Male,247.75.223.173
372,Claiborne,Vipan,cvipanab@mlb.com,Male,160.221.104.179
373,Rois,Andreia,randreiaac@sphinn.com,Female,77.218.139.11
374,Lee,Kesby,lkesbyad@geocities.com,Male,49.210.175.2
375,Rosaline,Canas,rcanasae@printfriendly.com,Female,251.49.91.200
376,Darcee,Pattini,dpattiniaf@comcast.net,Female,25.49.142.127
377,Tandie,Brickell,tbrickellag@4shared.com,Female,106.145.195.30
378,Mariya,Spencook,mspencookah@ifeng.com,Female,183.236.14.185
379,Hyacinthie,Risley,hrisleyai@usatoday.com,Female,12.99.229.246
380,Malena,Skyrme,mskyrmeaj@gravatar.com,Female,43.169.34.148
381,Andree,Husset,ahussetak@sbwire.com,Female,98.203.152.155
382,Oralie,Masseo,omasseoal@cargocollective.com,Female,230.209.128.12
383,Lyman,Grandham,lgrandhamam@mail.ru,Male,41.201.145.233
384,Gwyn,Watters,gwattersan@ifeng.com,Female,203.58.201.55
385,Leda,Yetman,lyetmanao@narod.ru,Non-binary,32.210.145.3
386,Desmond,Siveter,dsiveterap@google.com,Male,174.73.245.152
387,Tobey,Punter,tpunteraq@japanpost.jp,Female,102.192.252.157
388,Cassi,Thewless,cthewlessar@storify.com,Female,193.199.240.234
389,Agosto,Rosenfeld,arosenfeldas@clickbank.net,Bigender,206.145.179.142
390,Bernadina,Dennitts,bdennittsat@oakley.com,Female,246.32.142.97
391,Mario,Melbury,mmelburyau@symantec.com,Male,174.236.75.57
392,Kirk,Jeppe,kjeppeav@bravesites.com,Male,156.192.99.48
393,Emile,Askin,easkinaw@yellowbook.com,Male,61.211.168.49
394,Terrel,Kerwin,tkerwinax@wikispaces.com,Male,71.53.180.214
395,Ara,Faulds,afauldsay@4shared.com,Agender,190.34.220.9
396,Ellsworth,Grzesiewicz,egrzesiewiczaz@usa.gov,Male,69.138.60.130
397,Brock,Partridge,bpartridgeb0@topsy.com,Male,235.237.115.163
398,Bethanne,Mizzi,bmizzib1@feedburner.com,Female,204.187.69.160
399,Dorise,Yackiminie,dyackiminieb2@shop-pro.jp,Agender,158.41.106.35
400,Kirby,Gover,kgoverb3@tinyurl.com,Male,225.20.64.149
401,Benjamin,Whyatt,bwhyattb4@youtu.be,Male,83.64.28.49
402,Perl,Blabey,pblabeyb5@smh.com.au,Female,5.129.16.170
403,Sherye,Alf,salfb6@arizona.edu,Female,42.229.112.0
404,El,Godsmark,egodsmarkb7@wp.com,Male,20.87.61.3
405,Dugald,Mote,dmoteb8@webeden.co.uk,Polygender,119.126.67.151
406,Giorgio,Rosenfrucht,grosenfruchtb9@chron.com,Male,63.187.118.116
407,Cosme,Shapera,cshaperaba@gizmodo.com,Polygender,65.117.226.79
408,Gwenette,Filipovic,gfilipovicbb@miitbeian.gov.cn,Female,248.31.220.211
409,Andros,Andreev,aandreevbc@zimbio.com,Male,39.182.182.86
410,Erick,Kippins,ekippinsbd@yolasite.com,Male,146.150.245.132
411,Lucie,Saterweyte,lsaterweytebe@51.la,Female,161.53.36.247
412,Kai,Brazear,kbrazearbf@sfgate.com,Non-binary,26.70.95.194
413,Mayne,Hackinge,mhackingebg@soundcloud.com,Male,115.182.217.45
414,Ardyth,Foran,aforanbh@phpbb.com,Female,25.194.156.10
415,Irene,Leer,ileerbi@senate.gov,Female,193.235.216.196
416,Mitchell,Held,mheldbj@cbslocal.com,Male,125.74.58.87
417,Hester,Arrow,harrowbk@biglobe.ne.jp,Female,108.207.205.124
418,Charmion,Nealy,cnealybl@ox.ac.uk,Female,92.112.24.173
419,Andras,Pasby,apasbybm@altervista.org,Male,205.57.54.171
420,Jarid,Sandcroft,jsandcroftbn@walmart.com,Male,204.169.242.86
421,Babs,Lomath,blomathbo@booking.com,Female,178.58.54.150
422,Bay,Beeston,bbeestonbp@eventbrite.com,Male,158.51.62.203
423,Nolan,Wrintmore,nwrintmorebq@smugmug.com,Male,137.191.127.73
424,Chuck,Musterd,cmusterdbr@etsy.com,Male,202.85.241.153
425,Gerome,Mileham,gmilehambs@spotify.com,Male,167.15.119.36
426,Hephzibah,Knipe,hknipebt@umich.edu,Female,67.5.31.37
427,Karoline,Eynon,keynonbu@istockphoto.com,Female,144.164.50.65
428,Konstantin,Georgius,kgeorgiusbv@nasa.gov,Male,88.36.247.235
429,Winfred,Brann,wbrannbw@sakura.ne.jp,Male,13.9.192.144
430,Addison,Gilvear,agilvearbx@yelp.com,Male,204.61.31.176
431,Edeline,Parram,eparramby@mapy.cz,Female,223.92.11.179
432,Kristopher,Skelly,kskellybz@mlb.com,Genderqueer,90.119.1.26
433,Augustina,Kindall,akindallc0@wordpress.com,Female,222.216.122.36
434,Chaddy,Klimek,cklimekc1@deviantart.com,Male,154.66.61.157
435,Adolphe,Fortnam,afortnamc2@123-reg.co.uk,Male,84.80.138.165
436,Myrvyn,O'Brogane,mobroganec3@springer.com,Male,20.118.80.8
437,Weber,Fenimore,wfenimorec4@google.pl,Male,190.199.58.215
438,Ari,Mauger,amaugerc5@e-recht24.de,Male,211.167.108.222
439,Carleton,Blanning,cblanningc6@si.edu,Male,183.163.105.103
440,Rozella,Lambdon,rlambdonc7@rambler.ru,Female,158.100.51.143
441,Darsey,Tender,dtenderc8@github.com,Female,186.125.2.62
442,Freddie,Astridge,fastridgec9@people.com.cn,Female,136.37.15.146
443,Padraic,Gilogly,pgiloglyca@flavors.me,Male,5.42.49.78
444,Isadore,Gaythor,igaythorcb@digg.com,Male,101.51.206.54
445,Eileen,Broek,ebroekcc@stumbleupon.com,Female,193.115.216.147
446,Rosanna,Andrioni,randrionicd@nydailynews.com,Non-binary,105.204.214.150
447,Erda,Gregg,egreggce@state.gov,Agender,65.107.231.183
448,Madeleine,Tolle,mtollecf@apple.com,Female,49.87.163.6
449,Anallese,Brammar,abrammarcg@jigsy.com,Female,100.15.161.106
450,Ximenes,Bisco,xbiscoch@lycos.com,Male,158.178.6.11
451,Munroe,Delmage,mdelmageci@indiatimes.com,Male,213.140.227.244
452,Zena,Fipp,zfippcj@blog.com,Polygender,154.217.105.139
453,Calypso,Reuter,creuterck@qq.com,Female,150.121.40.24
454,Carleen,Nulty,cnultycl@accuweather.com,Female,102.179.215.69
455,Kevan,Choules,kchoulescm@comcast.net,Male,80.50.193.235
456,Mel,Galland,mgallandcn@wikimedia.org,Male,90.93.205.145
457,Dinny,Sutherington,dsutheringtonco@cloudflare.com,Female,240.66.28.7
458,Torrence,Sandeman,tsandemancp@newsvine.com,Male,71.227.105.94
459,Jerome,Tiebe,jtiebecq@skype.com,Male,176.22.44.138
460,Jayne,O'Conor,joconorcr@techcrunch.com,Female,24.36.17.136
461,Rollie,Borit,rboritcs@cdbaby.com,Male,228.158.183.212
462,Beau,Broadberry,bbroadberryct@columbia.edu,Male,111.150.4.249
463,Chrissy,Billington,cbillingtoncu@scientificamerican.com,Female,183.245.137.126
464,Merle,Bathowe,mbathowecv@netlog.com,Female,62.82.34.62
465,Shadow,Burth,sburthcw@huffingtonpost.com,Male,28.107.174.234
466,Dolorita,Siggery,dsiggerycx@nsw.gov.au,Female,110.143.74.178
467,Layla,Blaker,lblakercy@eepurl.com,Female,80.242.243.180
468,Hoebart,Goaks,hgoakscz@earthlink.net,Male,42.134.55.196
469,Nan,Sherrett,nsherrettd0@hatena.ne.jp,Female,231.78.111.0
470,Humfried,Lennon,hlennond1@people.com.cn,Male,4.85.50.188
471,Tiff,Canepe,tcaneped2@bizjournals.com,Female,89.5.171.37
472,Patten,Kettley,pkettleyd3@livejournal.com,Male,60.8.99.51
473,Dyanna,Lygo,dlygod4@ftc.gov,Female,99.93.49.155
474,Parker,Treleaven,ptreleavend5@ycombinator.com,Male,18.118.105.98
475,Tedie,Tarbard,ttarbardd6@goo.gl,Agender,193.174.30.95
476,Bailie,Robinet,brobinetd7@discuz.net,Male,220.131.191.37
477,Lurette,Jerams,ljeramsd8@twitter.com,Female,104.67.254.75
478,Verene,Syrett,vsyrettd9@dailymail.co.uk,Female,190.86.136.138
479,Normie,Chaunce,nchaunceda@unc.edu,Male,245.202.34.98
480,Frank,Daulton,fdaultondb@webnode.com,Agender,109.231.2.15
481,Maggy,Saill,msailldc@typepad.com,Female,138.115.96.47
482,Jeromy,Wrightem,jwrightemdd@cbc.ca,Male,33.93.25.235
483,Melonie,Barthrop,mbarthropde@liveinternet.ru,Non-binary,12.250.28.73
484,Chas,Faulkes,cfaulkesdf@1688.com,Male,28.85.123.80
485,Cleve,Austick,caustickdg@skype.com,Male,73.14.39.232
486,Justis,Gilogly,jgiloglydh@youku.com,Male,39.92.218.149
487,Jeff,Heugle,jheugledi@timesonline.co.uk,Male,21.8.197.82
488,Ricard,Oke,rokedj@wikimedia.org,Male,85.164.187.236
489,Xever,Diggle,xdiggledk@nsw.gov.au,Male,145.104.202.81
490,Clemens,Feilden,cfeildendl@adobe.com,Male,228.185.56.41
491,Levin,Vallintine,lvallintinedm@infoseek.co.jp,Male,95.234.2.231
492,Budd,Thaxton,bthaxtondn@hud.gov,Male,117.206.0.11
493,Hestia,Absolem,habsolemdo@zimbio.com,Female,125.161.223.177
494,Hewie,Le Marchand,hlemarchanddp@g.co,Male,47.76.129.70
495,Dieter,Brimilcombe,dbrimilcombedq@cyberchimps.com,Male,160.131.89.115
496,Tildie,Leddie,tleddiedr@usa.gov,Female,61.53.118.147
497,Omar,Saunder,osaunderds@ow.ly,Male,199.5.208.17
498,Orland,Attride,oattridedt@marketwatch.com,Male,74.0.182.142
499,Nick,Willerstone,nwillerstonedu@thetimes.co.uk,Male,137.4.169.109
500,Olva,Risman,orismandv@stanford.edu,Female,219.23.56.25
501,Rollo,Piggens,rpiggensdw@yahoo.co.jp,Male,147.44.181.140
502,Holly-anne,Matveiko,hmatveikodx@home.pl,Bigender,222.50.168.138
503,Delmor,Ivankovic,divankovicdy@reverbnation.com,Male,233.56.152.189
504,Harwilll,Nockles,hnocklesdz@stanford.edu,Male,70.223.182.43
505,Eveline,Gullivan,egullivane0@prnewswire.com,Non-binary,2.100.46.127
506,Cleavland,Graser,cgrasere1@discuz.net,Male,177.120.62.12
507,Karlyn,Morrott,kmorrotte2@indiatimes.com,Female,136.68.74.213
508,Launce,Gilks,lgilkse3@cbslocal.com,Male,84.107.189.218
509,Marcel,Videan,mvideane4@bizjournals.com,Male,176.177.249.64
510,Rancell,Philipart,rphiliparte5@alexa.com,Male,120.93.54.135
511,Rayner,Cockshot,rcockshote6@theguardian.com,Male,247.88.141.164
512,Gweneth,Bettles,gbettlese7@auda.org.au,Female,56.37.51.172
513,Jackie,Koop,jkoope8@businessweek.com,Female,123.185.25.183
514,Owen,Ebunoluwa,oebunoluwae9@instagram.com,Male,6.21.34.13
515,Godwin,Tissington,gtissingtonea@nydailynews.com,Male,36.217.174.250
516,Marcella,Payley,mpayleyeb@webs.com,Female,205.224.115.99
517,Babs,Zecchinelli,bzecchinelliec@pcworld.com,Female,149.237.187.82
518,Sheryl,Keys,skeysed@mtv.com,Genderfluid,92.148.200.69
519,Alexandre,Hawksby,ahawksbyee@nydailynews.com,Non-binary,207.0.50.120
520,Benji,Francke,bfranckeef@woothemes.com,Non-binary,151.224.126.50
521,Latrina,Brighty,lbrightyeg@joomla.org,Female,178.51.105.240
522,Wang,Hinksen,whinkseneh@qq.com,Male,255.54.143.248
523,Cal,Zute,czuteei@jigsy.com,Female,133.171.84.176
524,Lura,Dutson,ldutsonej@exblog.jp,Female,253.95.95.172
525,Curtice,Golton,cgoltonek@seesaa.net,Male,173.243.34.38
526,Renault,Blore,rbloreel@studiopress.com,Male,97.76.68.46
527,Jeniffer,Sicily,jsicilyem@shutterfly.com,Female,216.137.241.143
528,Ardine,Gabbot,agabboten@indiatimes.com,Female,216.205.205.207
529,Delmor,Dolbey,ddolbeyeo@businessinsider.com,Male,169.179.50.142
530,Amabelle,Priel,aprielep@sfgate.com,Female,160.246.24.240
531,Cara,Boor,cbooreq@ted.com,Female,228.157.210.151
532,Yolanthe,Libbie,ylibbieer@businessinsider.com,Female,15.122.135.138
533,Garrot,Frediani,gfredianies@google.com.hk,Male,112.109.237.180
534,Janean,Leeburn,jleeburnet@cocolog-nifty.com,Female,244.243.53.194
535,Tomas,Durnall,tdurnalleu@amazon.de,Male,38.199.5.119
536,Morgen,MacCostigan,mmaccostiganev@prweb.com,Male,165.12.152.87
537,Denise,Giorgetti,dgiorgettiew@ustream.tv,Female,191.70.50.61
538,Kennie,Behagg,kbehaggex@a8.net,Male,26.249.82.78
539,Harland,Burkitt,hburkittey@cnn.com,Male,85.136.163.185
540,Leonora,Tourne,ltourneez@comsenz.com,Female,230.242.89.191
541,Cloris,Cuttler,ccuttlerf0@friendfeed.com,Female,109.8.36.102
542,Olin,Butts,obuttsf1@cbc.ca,Male,38.83.46.87
543,Haroun,Brasher,hbrasherf2@cdc.gov,Non-binary,73.79.173.119
544,Jedidiah,Ekkel,jekkelf3@prnewswire.com,Male,83.170.150.247
545,Helena,Nesey,hneseyf4@skype.com,Female,208.167.243.125
546,Reuven,Casillas,rcasillasf5@slate.com,Male,250.27.183.107
547,Teri,Takos,ttakosf6@wunderground.com,Female,50.20.220.142
548,Scotty,Manning,smanningf7@blogs.com,Male,220.171.96.228
549,Viola,Connechy,vconnechyf8@businesswire.com,Female,214.108.198.103
550,Thacher,Rickersey,trickerseyf9@walmart.com,Bigender,60.221.171.102
551,Talyah,Gavaghan,tgavaghanfa@state.gov,Agender,226.48.4.180
552,Rollie,Channon,rchannonfb@thetimes.co.uk,Male,159.69.216.39
553,Siward,Bossel,sbosselfc@dailymail.co.uk,Male,22.38.136.35
554,Garrick,Harbord,gharbordfd@uol.com.br,Male,58.124.248.121
555,Saundra,Wavish,swavishfe@dyndns.org,Female,120.235.77.117
556,De,Shoemark,dshoemarkff@drupal.org,Female,26.155.70.142
557,Raynard,Pumphreys,rpumphreysfg@123-reg.co.uk,Male,75.97.33.71
558,Crista,Sabine,csabinefh@oaic.gov.au,Female,81.65.154.160
559,Gregorius,Gorling,ggorlingfi@sfgate.com,Male,140.10.23.173
560,Welch,Lomath,wlomathfj@bluehost.com,Male,130.73.221.50
561,Chester,Phayre,cphayrefk@fda.gov,Male,121.91.244.13
562,Shanna,Kupper,skupperfl@ihg.com,Female,191.8.129.95
563,Anna,Murrigans,amurrigansfm@php.net,Polygender,203.242.121.52
564,Wald,Eyckelbeck,weyckelbeckfn@boston.com,Male,15.210.98.62
565,Bebe,Chansonnau,bchansonnaufo@fema.gov,Female,211.27.8.212
566,Chicky,Michieli,cmichielifp@springer.com,Female,20.172.134.177
567,Maribel,Stot,mstotfq@narod.ru,Female,75.154.131.141
568,Honoria,Frowing,hfrowingfr@mtv.com,Female,183.174.134.41
569,Frederica,Leitche,fleitchefs@senate.gov,Genderqueer,191.212.3.92
570,Sauncho,Skerrett,sskerrettft@state.gov,Male,75.236.173.201
571,Anthia,Malimoe,amalimoefu@altervista.org,Female,130.189.15.240
572,Eachelle,Blanden,eblandenfv@icq.com,Female,165.78.149.60
573,Lambert,Mettetal,lmettetalfw@liveinternet.ru,Male,94.18.178.203
574,Shannon,Coneybeer,sconeybeerfx@loc.gov,Male,186.176.233.63
575,Morty,Norville,mnorvillefy@nydailynews.com,Male,176.0.116.174
576,Brady,Pibsworth,bpibsworthfz@prnewswire.com,Male,238.31.111.29
577,Ruddie,Morgen,rmorgeng0@spiegel.de,Male,196.33.3.197
578,Aurlie,Quan,aquang1@163.com,Female,248.3.216.142
579,Atlante,MacAfee,amacafeeg2@google.cn,Female,219.160.182.95
580,Arleta,Cheale,achealeg3@sphinn.com,Female,153.148.25.174
581,Henrieta,Van Niekerk,hvanniekerkg4@yellowbook.com,Female,209.11.211.255
582,Janis,Saffell,jsaffellg5@china.com.cn,Female,123.207.185.20
583,Kayne,Pestricke,kpestrickeg6@comsenz.com,Male,222.75.159.80
584,Dotti,Haversum,dhaversumg7@psu.edu,Female,179.56.238.176
585,Miranda,Weeke,mweekeg8@digg.com,Female,167.19.116.67
586,Fayth,Rains,frainsg9@indiatimes.com,Female,240.202.137.138
587,Terrijo,Jery,tjeryga@xrea.com,Female,72.242.175.1
588,Flin,Mosen,fmosengb@dot.gov,Male,59.43.106.25
589,Saundra,Finnemore,sfinnemoregc@1688.com,Female,42.254.198.178
590,Taite,Diem,tdiemgd@sourceforge.net,Male,26.187.146.80
591,Obed,Perigeaux,operigeauxge@g.co,Polygender,160.178.164.167
592,Gardy,Cassel,gcasselgf@yale.edu,Male,89.90.122.80
593,Anneliese,Jannings,ajanningsgg@ucsd.edu,Female,6.221.237.180
594,Sarajane,Richemont,srichemontgh@clickbank.net,Female,174.178.151.225
595,Gherardo,Colgrave,gcolgravegi@ocn.ne.jp,Male,232.115.66.178
596,Hal,Steagall,hsteagallgj@salon.com,Male,163.37.187.168
597,Colene,Bagnall,cbagnallgk@telegraph.co.uk,Female,59.234.83.63
598,Maxim,Bake,mbakegl@artisteer.com,Male,107.5.118.42
599,Fidel,Beddoe,fbeddoegm@vimeo.com,Male,22.209.41.31
600,Tally,Flecknoe,tflecknoegn@irs.gov,Agender,59.247.37.177
601,Kearney,Mirralls,kmirrallsgo@eepurl.com,Male,125.128.199.239
602,Onofredo,Olek,oolekgp@toplist.cz,Male,236.190.182.155
603,Carlye,Dyte,cdytegq@mysql.com,Female,194.224.232.40
604,Blane,Bakewell,bbakewellgr@goodreads.com,Male,136.195.221.110
605,Trueman,Haslegrave,thaslegravegs@mapquest.com,Male,40.147.131.8
606,Honor,Wallage,hwallagegt@cnet.com,Female,85.81.102.235
607,Mercie,Drewery,mdrewerygu@gov.uk,Female,228.124.211.193
608,Nisse,Shearsby,nshearsbygv@jiathis.com,Female,173.8.175.248
609,Zahara,Mussett,zmussettgw@exblog.jp,Female,156.14.175.25
610,Dannye,Fonquernie,dfonquerniegx@scientificamerican.com,Female,179.73.241.205
611,Tam,Vanelli,tvanelligy@ibm.com,Male,129.38.195.23
612,Betta,O'Connolly,boconnollygz@nymag.com,Female,121.83.183.165
613,Marta,Shoemark,mshoemarkh0@craigslist.org,Female,107.222.136.11
614,Georgie,Bedding,gbeddingh1@i2i.jp,Male,157.57.43.74
615,Lonny,Ivell,livellh2@phpbb.com,Male,211.83.46.72
616,Shelley,Svanini,ssvaninih3@fema.gov,Male,58.218.255.26
617,Tamra,Trebilcock,ttrebilcockh4@imgur.com,Polygender,5.126.27.172
618,Trevar,Rugg,truggh5@csmonitor.com,Male,143.165.45.37
619,Nathanial,Clawsley,nclawsleyh6@walmart.com,Male,141.201.114.33
620,Lucille,Pycock,lpycockh7@tmall.com,Polygender,138.137.118.12
621,Cornelia,Smallman,csmallmanh8@list-manage.com,Female,1.6.29.200
622,Sharleen,Wingeatt,swingeatth9@ihg.com,Female,68.130.193.101
623,Vilhelmina,Hanbridge,vhanbridgeha@privacy.gov.au,Genderqueer,50.32.218.21
624,Theo,Ion,tionhb@imgur.com,Male,69.117.162.98
625,Coralie,Osman,cosmanhc@sphinn.com,Female,116.106.202.136
626,Ulrike,Bampfield,ubampfieldhd@mozilla.com,Female,122.25.87.29
627,Marylou,Walworche,mwalworchehe@apache.org,Genderfluid,94.164.208.32
628,Daphna,MacBrearty,dmacbreartyhf@fastcompany.com,Female,112.56.224.198
629,Cheri,MacPhail,cmacphailhg@wikispaces.com,Female,245.42.170.117
630,Yorker,Paireman,ypairemanhh@mapquest.com,Male,137.73.116.168
631,Damian,Van der Kruis,dvanderkruishi@com.com,Male,78.123.176.46
632,Gert,Ambler,gamblerhj@technorati.com,Bigender,245.199.60.118
633,Nolie,Lockhurst,nlockhursthk@paginegialle.it,Female,146.221.232.29
634,Ashby,Gibberd,agibberdhl@va.gov,Male,132.79.24.55
635,Randal,Larder,rlarderhm@multiply.com,Male,147.224.115.133
636,Georgeanne,Wasbrough,gwasbroughhn@whitehouse.gov,Female,178.74.67.139
637,Lek,De Simoni,ldesimoniho@paginegialle.it,Male,51.118.249.147
638,Alta,Coalburn,acoalburnhp@livejournal.com,Female,230.249.235.18
639,Duffy,Moreing,dmoreinghq@4shared.com,Polygender,220.95.237.216
640,Corny,Bellerby,cbellerbyhr@japanpost.jp,Male,114.57.81.154
641,Dorena,Mewitt,dmewitths@fc2.com,Female,49.235.182.232
642,Lorri,Montez,lmontezht@dropbox.com,Female,45.40.205.63
643,Hester,Thiem,hthiemhu@sbwire.com,Female,23.31.154.123
644,Der,Phuprate,dphupratehv@webmd.com,Male,204.118.51.79
645,Midge,Ibotson,mibotsonhw@bloomberg.com,Female,164.148.182.173
646,Raleigh,Polland,rpollandhx@typepad.com,Male,213.49.109.108
647,Benn,Unsworth,bunsworthhy@omniture.com,Male,219.121.217.11
648,Nate,Neesam,nneesamhz@fc2.com,Male,241.94.24.128
649,Annette,Reddel,areddeli0@cisco.com,Female,189.181.253.133
650,Didi,Abbay,dabbayi1@fc2.com,Female,79.172.154.243
651,Timofei,Dyter,tdyteri2@nps.gov,Male,243.65.55.55
652,Darrin,Tysall,dtysalli3@google.ca,Male,174.255.168.233
653,Isahella,Tee,iteei4@cargocollective.com,Female,174.37.114.42
654,Townie,Kendell,tkendelli5@washington.edu,Male,29.1.160.105
655,Jonathon,Bish,jbishi6@mit.edu,Male,171.59.5.103
656,Pen,Tow,ptowi7@diigo.com,Male,247.168.211.190
657,Paxon,McCullouch,pmccullouchi8@people.com.cn,Male,127.117.51.244
658,Alonzo,Keyse,akeysei9@vkontakte.ru,Male,81.189.86.209
659,Alidia,Matten,amattenia@wufoo.com,Female,52.187.72.108
660,Elfrida,Badger,ebadgerib@businessinsider.com,Female,224.179.120.32
661,Barbee,Ploughwright,bploughwrightic@omniture.com,Female,199.48.68.168
662,Ewell,Stevens,estevensid@yelp.com,Male,252.174.234.118
663,Hoebart,Blanshard,hblanshardie@liveinternet.ru,Male,161.20.122.42
664,Albert,Orrom,aorromif@digg.com,Male,198.88.25.139
665,Missy,Acton,mactonig@zimbio.com,Female,201.191.249.204
666,Isidoro,Larrie,ilarrieih@google.pl,Male,150.196.217.184
667,Keelia,Rushby,krushbyii@mapquest.com,Female,12.83.24.66
668,Humfried,Simenon,hsimenonij@house.gov,Male,121.82.165.103
669,Doyle,Whale,dwhaleik@seesaa.net,Agender,123.184.136.214
670,Barbi,Redsull,bredsullil@skype.com,Female,211.168.122.6
671,Annissa,Birkby,abirkbyim@hud.gov,Female,93.54.205.80
672,Frans,Consadine,fconsadinein@tripadvisor.com,Male,193.134.15.177
673,Hayden,Josebury,hjoseburyio@addtoany.com,Male,67.97.63.24
674,Georas,Fancutt,gfancuttip@businesswire.com,Male,127.38.247.40
675,Worthy,Tembey,wtembeyiq@usnews.com,Male,104.79.71.21
676,Cordula,Nobbs,cnobbsir@vk.com,Female,15.75.145.114
677,Constanta,Yeld,cyeldis@constantcontact.com,Female,34.162.83.0
678,Carlota,Penberthy,cpenberthyit@1688.com,Female,195.117.186.198
679,Teddie,Longland,tlonglandiu@bbb.org,Male,97.28.68.146
680,Bernhard,Finnemore,bfinnemoreiv@google.pl,Male,154.246.19.64
681,Armando,De Pero,adeperoiw@about.com,Male,153.184.116.108
682,Dori,Scrange,dscrangeix@pagesperso-orange.fr,Female,152.4.95.1
683,Javier,Dearnaly,jdearnalyiy@springer.com,Male,152.66.234.57
684,Ofilia,Gravell,ogravelliz@vinaora.com,Agender,65.64.131.24
685,Enid,Leaves,eleavesj0@wikipedia.org,Female,63.74.56.230
686,Joseito,Wegenen,jwegenenj1@t.co,Male,213.234.224.79
687,Franny,Sturdgess,fsturdgessj2@mayoclinic.com,Non-binary,210.217.38.54
688,Lee,Frome,lfromej3@dedecms.com,Female,194.137.170.89
689,Gianina,McGrae,gmcgraej4@skyrock.com,Female,217.237.113.31
690,Cyb,Durston,cdurstonj5@nymag.com,Female,187.25.58.15
691,Trev,Brosoli,tbrosolij6@wsj.com,Male,216.148.123.65
692,Dolores,Tellenbrok,dtellenbrokj7@nhs.uk,Genderfluid,245.53.4.42
693,Crissy,Pottell,cpottellj8@flickr.com,Female,187.38.167.161
694,Edsel,Maevela,emaevelaj9@state.tx.us,Male,195.183.220.147
695,Siana,Dinnies,sdinniesja@comcast.net,Female,229.245.106.21
696,Leoline,Vassano,lvassanojb@wikispaces.com,Female,201.87.29.71
697,Mia,Goodbarr,mgoodbarrjc@nydailynews.com,Female,115.34.141.23
698,Aldis,Casewell,acasewelljd@w3.org,Male,90.158.2.166
699,Calla,Bence,cbenceje@ifeng.com,Female,158.220.187.20
700,Vic,Kerley,vkerleyjf@histats.com,Male,220.60.26.74
701,Gare,Cradick,gcradickjg@marriott.com,Male,190.185.19.110
702,Shantee,Millyard,smillyardjh@edublogs.org,Female,236.92.54.22
703,Robb,Eathorne,reathorneji@lycos.com,Male,199.111.49.177
704,Redford,Bisterfeld,rbisterfeldjj@bloomberg.com,Male,150.245.5.251
705,Baxy,O' Lone,bolonejk@indiatimes.com,Male,213.171.10.43
706,Stacy,Browning,sbrowningjl@who.int,Male,137.92.55.248
707,Krystle,Matterdace,kmatterdacejm@ycombinator.com,Female,19.239.45.141
708,Camila,Fayerman,cfayermanjn@histats.com,Female,165.208.127.149
709,Wallache,Thresher,wthresherjo@arstechnica.com,Male,83.118.232.11
710,Dodie,Applegate,dapplegatejp@businessweek.com,Female,82.12.7.200
711,Jdavie,Donat,jdonatjq@hhs.gov,Male,173.190.206.54
712,Patty,Bradden,pbraddenjr@blogtalkradio.com,Female,22.26.73.134
713,Eugene,Steen,esteenjs@bandcamp.com,Male,89.19.139.48
714,Rena,Diggins,rdigginsjt@a8.net,Genderqueer,226.27.7.179
715,Julienne,Cranham,jcranhamju@diigo.com,Female,101.2.205.215
716,Ladonna,Escott,lescottjv@nsw.gov.au,Female,252.153.94.106
717,Hymie,Olennikov,holennikovjw@w3.org,Genderqueer,133.81.56.86
718,Shane,Fayre,sfayrejx@booking.com,Female,87.248.236.239
719,Bryanty,O' Timony,botimonyjy@yolasite.com,Male,174.24.162.78
720,Alix,Ennew,aennewjz@joomla.org,Male,164.22.8.89
721,Torey,Mapes,tmapesk0@nbcnews.com,Male,60.76.219.15
722,Marlena,O'Sheilds,mosheildsk1@elegantthemes.com,Female,59.64.185.139
723,Pearline,Kerton,pkertonk2@discovery.com,Non-binary,163.21.59.17
724,Averil,Cissell,acissellk3@studiopress.com,Male,178.50.78.58
725,Kele,Giacobini,kgiacobinik4@diigo.com,Male,181.130.53.56
726,Etienne,Cusworth,ecusworthk5@wordpress.com,Male,81.87.31.74
727,Moll,Walthall,mwalthallk6@joomla.org,Female,26.247.45.26
728,Davita,Llorente,dllorentek7@cnbc.com,Female,37.183.249.224
729,Bailey,Creboe,bcreboek8@admin.ch,Male,106.198.97.189
730,Jude,Eble,jeblek9@youtu.be,Male,100.40.175.211
731,Rourke,Yaknov,ryaknovka@elpais.com,Male,210.22.124.42
732,Elisha,Giberd,egiberdkb@dagondesign.com,Female,206.139.170.92
733,Redd,Moffatt,rmoffattkc@phpbb.com,Non-binary,214.144.32.143
734,Roberta,Crush,rcrushkd@auda.org.au,Female,77.58.85.90
735,Pansy,Mawtus,pmawtuske@psu.edu,Female,28.177.159.27
736,Iolanthe,Aynsley,iaynsleykf@redcross.org,Female,119.14.63.192
737,Mahmoud,Pressman,mpressmankg@paypal.com,Male,149.162.188.64
738,Bartholomew,Couvet,bcouvetkh@ucoz.com,Male,150.53.230.164
739,Elke,Romand,eromandki@japanpost.jp,Female,10.22.198.20
740,Linda,Dobble,ldobblekj@mapquest.com,Female,14.179.176.60
741,Lilli,Paiton,lpaitonkk@ameblo.jp,Agender,180.201.203.214
742,Emelita,Bownas,ebownaskl@google.ru,Female,204.18.168.98
743,Manya,McRavey,mmcraveykm@github.io,Female,96.107.241.150
744,Sonia,Callan,scallankn@vistaprint.com,Female,154.26.180.77
745,Dasya,Mahmood,dmahmoodko@addthis.com,Female,175.210.90.72
746,Amil,Delagnes,adelagneskp@sun.com,Polygender,141.201.87.185
747,Bonita,McReidy,bmcreidykq@fema.gov,Female,57.200.195.159
748,Riobard,Broady,rbroadykr@earthlink.net,Male,206.246.22.176
749,Melesa,Willatt,mwillattks@163.com,Female,186.7.141.50
750,Abra,Valentin,avalentinkt@wordpress.org,Female,84.203.55.41
751,Maxie,Wadley,mwadleyku@wufoo.com,Female,249.5.152.194
752,Floria,La Padula,flapadulakv@imdb.com,Female,235.65.10.22
753,Harry,Brosel,hbroselkw@creativecommons.org,Male,95.107.68.71
754,Lu,Collcutt,lcollcuttkx@google.co.uk,Female,158.201.149.17
755,Cicely,Mawford,cmawfordky@oaic.gov.au,Female,149.102.180.47
756,Cherry,Gormally,cgormallykz@blogger.com,Female,29.50.28.27
757,Bary,Mirrlees,bmirrleesl0@tuttocitta.it,Male,41.80.103.207
758,Hamish,Hickenbottom,hhickenbottoml1@uiuc.edu,Male,255.79.197.103
759,Carina,Pennone,cpennonel2@state.gov,Female,104.62.137.98
760,Lev,Whitchurch,lwhitchurchl3@unblog.fr,Male,70.181.63.28
761,Barris,Dillingstone,bdillingstonel4@chicagotribune.com,Male,26.172.107.109
762,Sherye,Esler,seslerl5@imdb.com,Agender,137.228.64.49
763,Leonidas,Dyka,ldykal6@independent.co.uk,Male,113.176.235.14
764,Burlie,Heaseman,bheasemanl7@addtoany.com,Male,100.136.38.131
765,Hazlett,Verrill,hverrilll8@samsung.com,Male,163.136.131.210
766,Nerti,Ancell,nancelll9@about.me,Female,32.175.103.104
767,Celina,Yellowlees,cyellowleesla@amazon.de,Female,18.39.76.81
768,Adolf,Grzeskowski,agrzeskowskilb@rakuten.co.jp,Male,13.138.51.237
769,Elvin,Ovesen,eovesenlc@un.org,Male,112.181.73.232
770,Pippo,Seemmonds,pseemmondsld@techcrunch.com,Male,193.132.94.82
771,Robinette,Mecozzi,rmecozzile@fda.gov,Female,204.154.22.14
772,Putnem,Farnan,pfarnanlf@blogspot.com,Male,222.225.74.15
773,Nikolos,MacAnelley,nmacanelleylg@vimeo.com,Male,182.185.252.48
774,Noel,Murcott,nmurcottlh@chicagotribune.com,Female,84.37.161.191
775,Merralee,Rosenstock,mrosenstockli@unesco.org,Bigender,254.196.157.146
776,Lona,Chavey,lchaveylj@usda.gov,Female,14.117.72.38
777,Wendall,Grastye,wgrastyelk@nba.com,Male,15.183.89.67
778,Agatha,Reaveley,areaveleyll@apache.org,Female,13.106.103.163
779,Lara,Strutley,lstrutleylm@princeton.edu,Female,123.124.161.136
780,Dwight,Mairs,dmairsln@acquirethisname.com,Male,183.130.195.182
781,Jamil,Crose,jcroselo@dedecms.com,Male,178.164.228.141
782,Jammal,Tootal,jtootallp@sfgate.com,Male,103.232.108.42
783,Tybalt,Gormally,tgormallylq@ocn.ne.jp,Male,80.111.74.220
784,Eolanda,McAreavey,emcareaveylr@artisteer.com,Female,141.200.219.142
785,Hadrian,Ceci,hcecils@liveinternet.ru,Male,216.229.185.235
786,Thibaut,Ingre,tingrelt@sitemeter.com,Male,166.230.140.237
787,Bertrando,Newvell,bnewvelllu@typepad.com,Genderqueer,71.90.223.131
788,Franny,Kewzick,fkewzicklv@flickr.com,Male,91.45.169.47
789,Bud,Newbatt,bnewbattlw@drupal.org,Non-binary,50.139.47.116
790,Kary,McCleod,kmccleodlx@marriott.com,Female,160.194.212.204
791,Doe,Sayburn,dsayburnly@mail.ru,Female,191.83.241.152
792,Reiko,Cattle,rcattlelz@bloglovin.com,Female,125.140.97.240
793,Von,Feaks,vfeaksm0@pagesperso-orange.fr,Male,221.250.52.240
794,Franzen,Losselyong,flosselyongm1@bing.com,Male,86.195.101.149
795,Waly,Drew-Clifton,wdrewcliftonm2@huffingtonpost.com,Female,85.60.234.101
796,Danell,Duer,dduerm3@bbb.org,Female,86.132.150.58
797,Maurine,Desouza,mdesouzam4@techcrunch.com,Female,144.216.66.137
798,Catha,Staten,cstatenm5@xinhuanet.com,Female,252.146.41.65
799,Thadeus,Tinman,ttinmanm6@bigcartel.com,Male,63.56.108.150
800,Elmore,Goodger,egoodgerm7@jiathis.com,Male,73.59.4.153
801,Deidre,Billingsley,dbillingsleym8@mit.edu,Female,67.85.99.89
802,Raffaello,Fain,rfainm9@prweb.com,Male,132.99.69.149
803,Wilone,Galloway,wgallowayma@symantec.com,Female,69.50.160.174
804,Romy,Durdy,rdurdymb@examiner.com,Female,207.119.115.146
805,Deina,Duckham,dduckhammc@miitbeian.gov.cn,Female,23.186.187.13
806,Marten,Wahlberg,mwahlbergmd@dailymail.co.uk,Male,71.113.194.73
807,Kalie,Meddick,kmeddickme@unblog.fr,Female,70.106.122.118
808,Ron,Brierton,rbriertonmf@springer.com,Male,30.2.182.83
809,Andi,Rowaszkiewicz,arowaszkiewiczmg@cisco.com,Female,101.142.19.152
810,Jody,Vasile,jvasilemh@digg.com,Male,234.107.102.34
811,Timothy,Vern,tvernmi@youku.com,Male,181.244.86.128
812,Ardra,Mattam,amattammj@xrea.com,Female,105.60.31.13
813,Renate,Agney,ragneymk@merriam-webster.com,Female,251.31.175.133
814,Ash,Roskilly,aroskillyml@phpbb.com,Male,109.251.40.3
815,Lindsay,Stryde,lstrydemm@qq.com,Female,197.16.29.38
816,Lelia,Janning,ljanningmn@networkadvertising.org,Female,191.167.99.66
817,Patty,Stag,pstagmo@amazon.co.jp,Female,172.201.246.29
818,Gayle,Brinicombe,gbrinicombemp@godaddy.com,Female,37.163.167.186
819,Joelynn,Adame,jadamemq@privacy.gov.au,Female,166.246.141.43
820,Carine,Fessions,cfessionsmr@engadget.com,Female,99.40.81.45
821,Mendy,Casali,mcasalims@cpanel.net,Male,175.183.36.124
822,Juline,Hazell,jhazellmt@histats.com,Female,73.246.135.238
823,Alicea,Bonanno,abonannomu@imgur.com,Female,59.240.214.224
824,Kitti,Buddell,kbuddellmv@ameblo.jp,Female,73.76.243.255
825,Erv,Grimbaldeston,egrimbaldestonmw@ted.com,Male,252.15.16.109
826,Jeff,Lawful,jlawfulmx@networkadvertising.org,Male,184.148.176.182
827,Quint,Gobel,qgobelmy@who.int,Male,202.236.174.44
828,Gorden,Stilling,gstillingmz@shutterfly.com,Male,95.62.150.191
829,Saunder,Yanyushkin,syanyushkinn0@techcrunch.com,Male,224.54.211.183
830,Sharla,Brearley,sbrearleyn1@1688.com,Bigender,147.164.25.230
831,Samaria,Vercruysse,svercruyssen2@sohu.com,Female,138.236.16.103
832,Royce,Schimonek,rschimonekn3@kickstarter.com,Male,56.238.137.163
833,Chet,Keel,ckeeln4@live.com,Male,215.34.80.178
834,Christyna,Puttock,cputtockn5@house.gov,Female,149.239.72.227
835,Torry,Deme,tdemen6@vkontakte.ru,Male,209.106.138.237
836,Joanie,Hollingshead,jhollingsheadn7@wikia.com,Female,60.53.37.182
837,Emilie,Treadgall,etreadgalln8@si.edu,Genderfluid,45.173.241.13
838,Rollo,Habbema,rhabbeman9@npr.org,Male,73.68.75.66
839,Gaston,Vallens,gvallensna@bing.com,Male,200.227.95.140
840,Farlee,Muschette,fmuschettenb@newsvine.com,Male,78.136.27.203
841,Georgi,Seago,gseagonc@xrea.com,Male,127.89.119.118
842,Bellanca,Jago,bjagond@reddit.com,Non-binary,10.241.8.130
843,Katinka,Macellar,kmacellarne@dagondesign.com,Female,125.145.96.85
844,Rozella,Beneix,rbeneixnf@angelfire.com,Female,60.22.153.234
845,Roldan,Laban,rlabanng@live.com,Male,40.114.20.10
846,Giselle,Tall,gtallnh@walmart.com,Female,170.133.57.224
847,Silvia,Dionisetti,sdionisettini@seesaa.net,Female,77.234.159.4
848,Raquel,Local,rlocalnj@lycos.com,Female,47.220.169.216
849,Chelsy,Fort,cfortnk@themeforest.net,Female,131.154.84.160
850,Farrell,Camfield,fcamfieldnl@businesswire.com,Male,117.89.219.171
851,Leela,Ravenscroftt,lravenscrofttnm@vkontakte.ru,Female,96.199.125.192
852,Ellary,McGirr,emcgirrnn@imageshack.us,Male,204.31.71.85
853,Bay,Force,bforceno@discovery.com,Male,249.11.204.175
854,Ernie,Gerry,egerrynp@census.gov,Male,157.75.53.229
855,Theresina,Mahon,tmahonnq@mail.ru,Female,112.226.106.159
856,Orelee,Hair,ohairnr@last.fm,Female,50.156.172.9
857,Earlie,Pennicott,epennicottns@cbslocal.com,Bigender,244.69.7.250
858,Gram,Ezzell,gezzellnt@ezinearticles.com,Male,36.75.149.136
859,Cynthia,Bollen,cbollennu@irs.gov,Female,56.211.57.130
860,Guss,Bullman,gbullmannv@networksolutions.com,Male,213.208.47.144
861,Thatch,Bollum,tbollumnw@netvibes.com,Male,208.162.79.48
862,Josias,Murrison,jmurrisonnx@trellian.com,Male,147.223.205.47
863,Cchaddie,Byass,cbyassny@amazonaws.com,Male,254.28.189.98
864,Ranique,Bucknall,rbucknallnz@nationalgeographic.com,Female,180.96.227.129
865,Fitz,Throughton,fthroughtono0@wufoo.com,Male,134.88.2.141
866,Kimmi,Zuker,kzukero1@123-reg.co.uk,Female,227.87.238.41
867,Gael,Ghirigori,gghirigorio2@reference.com,Male,143.114.195.78
868,Christalle,Brightey,cbrighteyo3@jigsy.com,Female,138.131.106.193
869,Wolfy,Tulip,wtulipo4@naver.com,Male,190.43.12.97
870,Rouvin,Shirland,rshirlando5@homestead.com,Agender,71.209.85.163
871,Garwood,Tutill,gtutillo6@who.int,Male,231.231.64.88
872,Andriana,Scneider,ascneidero7@spiegel.de,Genderqueer,102.168.60.3
873,Andy,Haddrell,ahaddrello8@fema.gov,Male,192.234.11.235
874,Dietrich,Streather,dstreathero9@ezinearticles.com,Male,182.239.241.87
875,Hulda,Haffard,hhaffardoa@list-manage.com,Agender,0.149.86.93
876,Mercedes,Forsyth,mforsythob@bravesites.com,Female,100.48.64.69
877,Corbett,Bulleyn,cbulleynoc@narod.ru,Male,247.85.17.191
878,Benjy,Hundal,bhundalod@adobe.com,Male,160.90.115.171
879,Hasheem,Stuart,hstuartoe@google.com,Male,108.7.31.63
880,Rafi,Haswell,rhaswellof@quantcast.com,Male,23.102.207.3
881,Emanuel,Hayball,ehayballog@phpbb.com,Male,112.13.178.165
882,Ansell,Loy,aloyoh@chicagotribune.com,Non-binary,147.112.200.31
883,Deonne,McCunn,dmccunnoi@4shared.com,Female,209.3.50.37
884,Tedmund,Rothchild,trothchildoj@amazon.com,Male,60.14.63.50
885,Keelia,Jansson,kjanssonok@nbcnews.com,Female,130.81.104.134
886,Gena,Dodgson,gdodgsonol@comsenz.com,Female,105.85.8.83
887,Dorian,Robjents,drobjentsom@vistaprint.com,Male,140.101.25.231
888,Brunhilda,Dymott,bdymotton@ameblo.jp,Female,235.155.105.132
889,Bartolomeo,Collison,bcollisonoo@webs.com,Male,229.27.246.178
890,Lulu,Govenlock,lgovenlockop@nps.gov,Female,89.83.55.97
891,Pattie,Mursell,pmurselloq@yelp.com,Male,221.24.220.124
892,Matty,Wakelin,mwakelinor@economist.com,Female,199.117.105.143
893,Bennett,Gowler,bgowleros@so-net.ne.jp,Genderfluid,116.1.169.70
894,Bradan,Forri,bforriot@ftc.gov,Male,104.190.149.62
895,Scotti,Hartley,shartleyou@bloomberg.com,Male,71.213.32.74
896,Isobel,Parlatt,iparlattov@reuters.com,Female,21.123.199.3
897,Damian,Calcott,dcalcottow@liveinternet.ru,Male,197.79.26.9
898,Waylin,Couthard,wcouthardox@nasa.gov,Male,47.59.73.255
899,Lyn,Sinnatt,lsinnattoy@loc.gov,Female,25.181.134.66
900,Brewer,Lynnett,blynnettoz@google.fr,Male,120.6.33.132
901,Shanan,Clowley,sclowleyp0@stumbleupon.com,Genderqueer,45.21.199.25
902,Beverie,Petricek,bpetricekp1@irs.gov,Female,93.60.81.236
903,Ameline,Penhearow,apenhearowp2@1688.com,Female,69.98.222.186
904,Ara,Rosenvasser,arosenvasserp3@soup.io,Female,155.69.80.248
905,Sally,Lowman,slowmanp4@nifty.com,Female,128.178.108.71
906,Townie,Gregory,tgregoryp5@microsoft.com,Male,226.6.202.41
907,Bentlee,Gerssam,bgerssamp6@mashable.com,Male,125.89.52.255
908,Adeline,Ubach,aubachp7@java.com,Female,113.68.246.40
909,Jaimie,MacPaik,jmacpaikp8@sphinn.com,Male,160.175.120.145
910,Siana,Sabathe,ssabathep9@boston.com,Female,4.245.121.204
911,Sheppard,Levison,slevisonpa@webeden.co.uk,Male,37.254.131.185
912,Abner,Grinnell,agrinnellpb@ebay.com,Male,127.89.77.218
913,Kellsie,Lantiffe,klantiffepc@upenn.edu,Female,214.196.123.50
914,Niven,Ovid,novidpd@patch.com,Male,129.228.162.123
915,Darelle,Loughman,dloughmanpe@netlog.com,Female,190.5.1.133
916,Rick,Vernay,rvernaypf@hugedomains.com,Male,132.183.114.25
917,Ferdinand,Bytheway,fbythewaypg@wsj.com,Male,108.193.135.36
918,Anny,Hunston,ahunstonph@wunderground.com,Female,240.175.215.4
919,Ruthy,Tembridge,rtembridgepi@timesonline.co.uk,Female,12.182.48.119
920,Friedrich,Colvie,fcolviepj@mashable.com,Male,126.140.140.191
921,Reinhold,Olander,rolanderpk@tumblr.com,Male,246.235.238.172
922,Kendrick,McAlroy,kmcalroypl@pagesperso-orange.fr,Male,71.197.31.175
923,Martie,Ambrozewicz,mambrozewiczpm@prlog.org,Male,54.212.181.127
924,Broderick,Donnel,bdonnelpn@ycombinator.com,Male,56.230.157.187
925,Ofelia,Miguet,omiguetpo@exblog.jp,Female,246.105.182.17
926,Morgun,Churly,mchurlypp@unc.edu,Male,93.133.100.161
927,Tracey,Chomley,tchomleypq@boston.com,Male,171.75.165.59
928,Sidonnie,Faherty,sfahertypr@tamu.edu,Female,188.11.93.247
929,Emlen,Hutson,ehutsonps@gizmodo.com,Male,43.202.223.59
930,Jabez,Creagh,jcreaghpt@ibm.com,Male,112.134.201.82
931,Drew,Bevan,dbevanpu@plala.or.jp,Male,145.186.247.49
932,Gerick,Maffeo,gmaffeopv@shop-pro.jp,Male,91.116.214.157
933,Rriocard,Falconar,rfalconarpw@liveinternet.ru,Male,88.92.245.111
934,Marcela,Limprecht,mlimprechtpx@stanford.edu,Female,87.35.70.4
935,Clarence,Yuryichev,cyuryichevpy@goo.ne.jp,Male,149.251.210.210
936,Shane,Hayselden,shayseldenpz@smh.com.au,Male,232.175.144.252
937,Lisha,Bulley,lbulleyq0@alexa.com,Female,63.70.135.119
938,Nikkie,Colgrave,ncolgraveq1@salon.com,Female,129.201.127.115
939,Weber,Kleehuhler,wkleehuhlerq2@wikispaces.com,Male,170.213.153.68
940,Quincey,Dispencer,qdispencerq3@va.gov,Male,201.57.120.144
941,Bryanty,Burchard,bburchardq4@answers.com,Male,48.118.126.131
942,Devin,De Biaggi,ddebiaggiq5@bbc.co.uk,Female,158.126.1.199
943,Arnold,Lelliott,alelliottq6@shop-pro.jp,Male,121.104.215.80
944,Zorana,Lujan,zlujanq7@meetup.com,Female,24.25.88.230
945,Donal,Pevsner,dpevsnerq8@bbc.co.uk,Agender,104.144.249.225
946,Andris,Howler,ahowlerq9@cbslocal.com,Male,208.252.220.189
947,Merissa,Ney,mneyqa@nifty.com,Female,173.30.58.45
948,Kerby,Ackred,kackredqb@taobao.com,Male,75.47.14.71
949,Sharyl,Pizer,spizerqc@taobao.com,Female,81.178.19.239
950,Joya,Elleton,jelletonqd@mashable.com,Female,133.206.96.17
951,Arlyne,Cicchinelli,acicchinelliqe@samsung.com,Female,129.67.3.143
952,Kaylil,Hruska,khruskaqf@comsenz.com,Female,75.96.184.112
953,Anatol,Bottomley,abottomleyqg@surveymonkey.com,Male,242.207.93.230
954,Jacquenette,Held,jheldqh@tumblr.com,Female,28.32.161.168
955,Hoebart,Dayly,hdaylyqi@ucoz.ru,Male,62.101.211.230
956,Aubree,Giovani,agiovaniqj@tmall.com,Female,176.38.208.130
957,Gustav,Fosh,gfoshqk@virginia.edu,Male,119.105.44.229
958,Eli,Panchin,epanchinql@google.fr,Male,245.63.0.131
959,Marlena,Goulborne,mgoulborneqm@sun.com,Female,233.21.188.112
960,Roda,McConway,rmcconwayqn@theatlantic.com,Female,3.52.36.175
961,Natal,Dunkerton,ndunkertonqo@php.net,Male,142.25.56.14
962,Torre,McKeney,tmckeneyqp@google.com.au,Male,101.234.116.157
963,Clementia,Cargo,ccargoqq@google.cn,Female,187.225.173.57
964,Locke,Kirwan,lkirwanqr@hostgator.com,Male,75.65.44.249
965,Ray,Venmore,rvenmoreqs@state.tx.us,Female,94.34.99.2
966,Edita,Randals,erandalsqt@adobe.com,Female,64.26.7.80
967,Sterne,Clementi,sclementiqu@example.com,Male,50.177.164.98
968,Verney,McKiernan,vmckiernanqv@utexas.edu,Male,196.87.27.237
969,Barbe,Gelsthorpe,bgelsthorpeqw@phoca.cz,Female,223.8.38.78
970,Elena,McPeake,emcpeakeqx@deviantart.com,Female,49.113.159.126
971,Brittney,Sola,bsolaqy@so-net.ne.jp,Female,206.32.53.137
972,Teddy,Laugier,tlaugierqz@usda.gov,Male,96.211.173.185
973,Parker,Kopecka,pkopeckar0@ustream.tv,Male,7.132.79.135
974,Fulton,Woolbrook,fwoolbrookr1@mapy.cz,Male,108.205.254.83
975,Angelia,Checchi,achecchir2@mtv.com,Female,81.53.62.190
976,Hughie,Dobrowolski,hdobrowolskir3@php.net,Non-binary,102.113.98.139
977,Lolly,Clayill,lclayillr4@forbes.com,Female,198.209.23.167
978,Lynnett,Overstall,loverstallr5@webs.com,Female,201.114.65.37
979,Penni,Ricard,pricardr6@pen.io,Female,175.55.154.111
980,Pascal,Waldie,pwaldier7@cocolog-nifty.com,Male,251.167.87.137
981,Fayth,Ianitti,fianittir8@themeforest.net,Female,235.92.226.162
982,Rasla,Hempshall,rhempshallr9@a8.net,Female,115.21.194.207
983,Quintus,Lindenman,qlindenmanra@1und1.de,Male,11.233.244.117
984,Fabien,Wink,fwinkrb@paginegialle.it,Male,143.251.57.98
985,Herrick,Hankin,hhankinrc@ucla.edu,Male,14.47.197.65
986,Nathanil,Spurge,nspurgerd@guardian.co.uk,Male,183.56.225.175
987,Fawnia,Kevane,fkevanere@istockphoto.com,Female,23.56.79.143
988,Brigit,Spowage,bspowagerf@wisc.edu,Female,47.234.172.186
989,Garik,Barkess,gbarkessrg@weibo.com,Male,157.29.179.109
990,Angelico,Timmis,atimmisrh@sfgate.com,Male,98.5.91.57
991,Maximilien,Tallent,mtallentri@webeden.co.uk,Male,198.78.234.145
992,Solly,Drew-Clifton,sdrewcliftonrj@dropbox.com,Male,56.65.252.223
993,Florry,Carragher,fcarragherrk@state.gov,Female,44.188.179.233
994,Annie,Winson,awinsonrl@geocities.com,Female,237.111.101.14
995,Vern,Hazelby,vhazelbyrm@latimes.com,Male,5.157.73.35
996,Yehudit,Rivelon,yrivelonrn@guardian.co.uk,Male,126.157.10.217
997,Roberto,Bamborough,rbamboroughro@scribd.com,Male,20.147.5.80
998,Thom,Lattka,tlattkarp@gravatar.com,Polygender,40.67.248.159
999,Klaus,Lapree,klapreerq@123-reg.co.uk,Male,68.157.79.173
1000,Cristal,Alesio,calesiorr@youku.com,Female,247.179.234.204
